batch_size,learning_rate,optimizer,momentum,weight_decay,num_epochs,eer,eer_threshold,fbeta,ks_statistic_val,optimal_threshold_val,True_Positives,False_Positives,False_Negatives,True_Negatives,final_loss,margin
16,0.0057743271211071,Adam,0.5383458145213672,1.5262762471590437e-05,11,0.4,11.667583,0.6532663316582915,0.3999999999999999,13.195564,10,6,5,9,1.4144358237584431,
16,0.0320518833146648,SGD,0.642952759655955,0.0219457834506365,27,0.3333333333333333,3.131727457046509,0.7185929648241206,0.5333333333333333,3.49806547164917,11,5,4,10,0.027037971963485,
32,0.0002089225634176,SGD,0.8830735179708032,4.195319276764637e-05,19,0.3333333333333333,3.2622854709625244,0.6532663316582915,0.3333333333333333,3.527838945388794,10,6,5,9,0.5429485142230988,
16,0.0941458447440355,SGD,0.6261276436627592,0.0001777554655382,47,0.2,6.005727767944336,0.8492462311557789,0.8,6.916368007659912,13,3,2,12,0.0,
64,0.0002700641227081,Adam,0.8285984192014889,0.0021160421055666,28,0.2666666666666666,3.956146717071533,0.7839195979899497,0.6666666666666666,4.28078556060791,12,4,3,11,0.0653386389215787,
16,3.008894813103225e-05,Adam,0.7228271574904268,0.0002074743824727,28,0.3333333333333333,3.394731044769287,0.7185929648241206,0.5333333333333334,3.272296190261841,11,5,4,10,0.1420242264866829,
16,0.0001278872689812,SGD,0.852902803556785,0.0019507516275605,19,0.3333333333333333,3.270678997039795,0.7185929648241206,0.6000000000000001,3.1724820137023926,11,5,4,10,0.6494026879469553,
32,0.0502817675986686,SGD,0.5784007444241284,0.0814779024797388,31,0.2,2.15332579612732,0.7839195979899497,0.6666666666666666,2.423407077789306,12,4,3,11,0.1189543902873992,
32,0.0068606629209201,SGD,0.6455967906098923,0.0037413413632493,10,0.0666666666666666,3.3638463020324707,0.896551724137931,0.8,3.3638463020324707,14,3,1,12,0.203522170583407,
32,2.887288620377319e-05,Adam,0.6391598626148565,0.000179587552757,13,0.2666666666666666,3.255647659301758,0.7839195979899497,0.5333333333333334,3.2494454383850098,12,4,3,11,0.3799365659554799,
32,0.0231458369323215,Adam,0.6047750963000235,0.0003557031340391,29,0.4,15.024067878723145,0.680628272251309,0.6,20.97248268127441,10,4,5,11,0.7807626078526179,
64,0.0003878839155664,SGD,0.6002800458312649,0.0028002117181447,44,0.3333333333333333,3.344076156616211,0.6532663316582915,0.4666666666666667,3.661233425140381,10,6,5,9,0.5117559333642324,
32,1.3657839780958445e-05,Adam,0.769472745314866,0.0414515660036159,25,0.4,3.3545892238616943,0.6666666666666666,0.4666666666666667,3.2057504653930664,10,5,5,10,0.4790146152178446,
64,0.0127645268394812,SGD,0.6937693889138391,0.0010960194459433,32,0.1333333333333333,3.851885318756104,0.8666666666666667,0.8,3.851885318756104,13,2,2,13,0.0056273142496744,
32,0.0067199241859753,Adam,0.7401134063576104,5.359742815904656e-05,35,0.6,6.935834884643555,0.4866310160427807,0.6,11.531585693359377,7,6,8,9,0.2665825287501017,
32,0.0005618678027138,SGD,0.5729272748535587,1.0232558398672927e-05,20,0.3333333333333333,3.2646257877349854,0.6532663316582915,0.4,3.424999237060547,10,6,5,9,0.5839285055796305,
32,0.0326554997600798,Adam,0.8878583959673282,0.0030402821098801,31,0.5333333333333333,7.845204353332519,0.457286432160804,0.2,16.515975952148438,7,9,8,6,1.152625580628713,
64,0.0001369439029111,Adam,0.5728204970062154,4.7871994547647216e-05,49,0.1333333333333333,3.953058242797852,0.8164251207729468,0.6,3.953058242797852,13,5,2,10,0.0744650264581044,
64,0.0003763998362074,Adam,0.8007885455250926,0.0023082551388478,21,0.1333333333333333,4.437227249145508,0.8325123152709359,0.6666666666666667,4.437227249145508,13,4,2,11,0.0199239204327265,
64,0.0021044776291574,SGD,0.8436980411640085,0.0004422183501902,12,0.2,3.499316692352295,0.7839195979899497,0.6666666666666666,3.592113733291626,12,4,3,11,0.3807060519854228,
64,1.189655885011707e-05,SGD,0.6219316849067262,0.0001111626234408,46,0.3333333333333333,3.360167980194092,0.6532663316582915,0.4,3.618394136428833,10,6,5,9,0.741027812163035,
64,0.0051786524213329,Adam,0.537514163253388,0.0344647900680182,44,0.2666666666666666,1.911718726158142,0.7839195979899497,0.6000000000000001,1.687628149986267,12,4,3,11,0.3815244088570277,
32,0.00306587412395,Adam,0.6327159939431026,9.56485833631289e-05,36,0.2666666666666666,11.253671646118164,0.7684729064039408,0.5333333333333334,10.13750457763672,12,5,3,10,0.6485915879408518,
64,6.085483913100017e-05,SGD,0.7460377052142007,0.001755083555907,34,0.4666666666666667,3.3107755184173584,0.5879396984924623,0.4,3.669976234436035,9,7,6,8,0.6498833894729614,
16,0.0007441238012702,SGD,0.7828280791093967,0.0326498043528009,22,0.2,3.2264187335968018,0.8,0.6666666666666667,3.2264187335968018,12,3,3,12,0.4249934156735738,
16,1.072184770865656e-05,Adam,0.8038576716802288,0.0353362672497609,44,0.1333333333333333,3.275078535079956,0.8492462311557789,0.7333333333333334,3.275078535079956,13,3,2,12,0.3574753701686859,
32,0.000365316149753,SGD,0.5722730057274067,0.0069775081285846,50,0.2,3.3905508518218994,0.7839195979899497,0.6666666666666667,3.2567367553710938,12,4,3,11,0.5196598867575327,
32,0.0019676816820004,SGD,0.6759976654910235,0.0091562448582498,14,0.3333333333333333,3.3164846897125244,0.7185929648241206,0.6000000000000001,3.1180334091186523,11,5,4,10,0.3945077657699585,
64,6.841927386335378e-05,Adam,0.7197501704320753,5.481186760325157e-05,36,0.2666666666666666,3.651129722595215,0.7333333333333333,0.5333333333333334,3.651129722595215,11,4,4,11,0.0223920146624247,
32,0.0004395805565703,SGD,0.5096563878537275,1.9811733968389183e-05,46,0.3333333333333333,3.44829535484314,0.7185929648241206,0.4666666666666667,3.2512850761413574,11,5,4,10,0.5317427317301432,
16,0.0001122423630359,SGD,0.8470835594151831,0.0034685716183672,12,0.3333333333333333,3.375653028488159,0.6908212560386473,0.5333333333333334,3.154125928878784,11,7,4,8,0.7239230871200562,
16,0.0214012987189272,SGD,0.679121167007452,0.0072403008919444,22,0.2666666666666666,3.479156255722046,0.7185929648241206,0.6,4.5851874351501465,11,5,4,10,0.0045056790113449,
64,2.616364873918407e-05,SGD,0.8475067926304447,2.5634057770306824e-05,25,0.4,3.268826961517334,0.5879396984924623,0.4666666666666667,2.870500326156616,9,7,6,8,0.6194715102513632,
32,5.2864064128093705e-05,SGD,0.5343618122397434,0.0001243648930453,43,0.4666666666666667,3.221518993377685,0.6,0.2666666666666666,3.6845667362213135,9,6,6,9,0.7220353086789449,
32,1.435096261204647e-05,Adam,0.7644066612815633,0.040050772792371,10,0.2666666666666666,3.3204355239868164,0.7185929648241206,0.4666666666666666,3.3204355239868164,11,5,4,10,0.6300806800524393,
32,2.356191778018525e-05,Adam,0.7262298897620634,1.988238786878651e-05,27,0.3333333333333333,3.336271047592163,0.6532663316582915,0.4666666666666667,3.1287143230438232,10,6,5,9,0.1870067392786344,
64,0.0007026802142314,SGD,0.6674294687629414,4.03592027799205e-05,41,0.2666666666666666,3.438605785369873,0.7185929648241206,0.4666666666666667,3.3623640537261963,11,5,4,10,0.405535360177358,
16,0.0054205933877862,Adam,0.6499105332957047,0.0186703139272053,44,0.3333333333333333,2.646015882492065,0.6666666666666666,0.4,2.0698130130767822,10,5,5,10,0.5637814203898112,
64,0.0007131202967897,Adam,0.888655469418193,0.0001200620508824,20,0.1333333333333333,5.145997524261475,0.8325123152709359,0.6666666666666667,5.145997524261475,13,4,2,11,0.014667622745037,
16,0.0344634940376027,Adam,0.51870317076492,0.0004885990899519,45,0.4,25.65303611755371,0.6403940886699507,0.4,44.645355224609375,10,7,5,8,1.1022969086964924,
16,0.0034187452562663,Adam,0.865928973964339,6.386521228588468e-05,2,0.4192825112107623,0.1850783377885818,0.5807174887892377,0.2130044843049327,0.3244646191596985,259,187,187,259,0.8556778918613087,
32,0.0074364725728828,SGD,0.5210888617853238,0.0572835103302267,1,0.2802690582959641,0.6620631217956543,0.7192347466390899,0.4641255605381166,0.8302901983261108,321,126,125,320,0.5932980333313798,
32,0.0001718615390675,Adam,0.7072859219606681,8.389409816778436e-05,2,0.2443946188340807,0.8079791069030762,0.7573250603240262,0.5156950672645739,0.8179630637168884,338,109,108,337,0.3667471503669565,
32,0.019255467866632,SGD,0.7815680496784232,0.0025971184396102,1,0.2757847533632287,0.7050400376319885,0.7237159600137884,0.4775784753363229,0.9986071586608888,323,124,123,322,0.5851739979151523,
32,0.0171202537168009,Adam,0.7287199293249842,0.0120297305326411,1,0.0650224215246636,0.0271441284567117,0.7389175958661953,0.0067264573991031,1.6436653137207031,418,417,28,29,0.8576585478854902,
32,0.0001573277641232,Adam,0.8564565391234782,0.0293318353634552,1,0.3071748878923767,0.6905394792556763,0.6945880730782489,0.4103139013452915,0.8402746915817261,310,137,136,309,0.6373619270144086,
32,0.0852096473612369,SGD,0.5528165394862021,0.0175077989720394,1,0.3968609865470852,0.4929640889167785,0.6023079572855666,0.2376681614349776,0.59697425365448,269,179,177,267,0.7451329204169187,
16,0.005688278693332,SGD,0.5388902533471158,3.8879358209954806e-05,2,0.3183856502242152,0.6658642292022705,0.6811444329541537,0.3811659192825111,0.7530867457389832,304,143,142,303,0.609667858391097,
32,0.0001091810346698,Adam,0.5456293411643058,0.00047284023626,2,0.2556053811659193,0.8807191252708435,0.7476683937823834,0.5313901345291481,1.131852149963379,333,111,113,335,0.3870782037124489,
32,0.0019988677477547,SGD,0.81118421354816,7.00001489442821e-05,1,0.2690582959641255,0.6885834336280823,0.7299345504650362,0.5089686098654709,0.8208521008491516,326,122,120,324,0.623841352986567,
16,0.0115746493080574,SGD,0.5780447645813556,1.3555067725965511e-05,1,0.3251121076233184,0.7903631329536438,0.6766632195794554,0.3789237668161435,0.9173014163970948,302,145,144,301,0.6017547606518774,
16,0.0003255569211033,Adam,0.7432881360419006,0.0027326156421135,1,0.2780269058295964,0.805442214012146,0.7232173613503272,0.4461883408071749,0.7942104935646057,323,125,123,321,0.6245562659971642,
16,0.0895471929764708,Adam,0.8734593450135721,0.0379447142181469,2,0.4461883408071749,0.3331811726093292,0.553048570444368,0.1255605381165919,0.3655538558959961,247,201,199,245,0.8943976046461047,
16,0.0001861865887541,Adam,0.8670806606595831,0.0563573845298619,2,0.3004484304932735,0.8735315799713135,0.6985876679297278,0.4304932735426009,0.977313220500946,312,136,134,310,0.5160850340669806,
16,0.0007874586060433,Adam,0.8222366552244103,7.066609604264411e-05,2,0.3071748878923767,0.754230260848999,0.695067264573991,0.4103139013452914,0.8555763363838196,310,136,136,310,0.5719304644700253,
16,0.0008412897852501,Adam,0.8042410251987664,0.0179888238988466,1,0.3520179372197309,0.6954531073570251,0.6475353326439159,0.3408071748878923,0.9691631197929382,289,158,157,288,0.6895799853584983,
32,0.0113490534698657,SGD,0.8877459108604547,0.0037105003203615,2,0.3632286995515695,0.4898310899734497,0.6358939028591113,0.2959641255605381,0.5962386727333069,284,164,162,282,0.8170769083680529,
16,0.0010074310750456,SGD,0.8760245663709563,0.0171702193423869,1,0.3340807174887892,0.7254087328910828,0.6654601861427094,0.3789237668161435,1.0070502758026123,297,150,149,296,0.7075493913708311,
16,0.0343971958361448,SGD,0.6106932564218208,0.0003682799436212,1,0.3744394618834081,0.3353526592254638,0.6246985876679297,0.2645739910313901,0.5435329675674438,279,169,167,277,0.6140051127383204,
16,0.0002424460736428,Adam,0.6228849031313533,5.589866416070704e-05,1,0.257847533632287,0.6900119185447693,0.7416408135125818,0.5089686098654709,0.837783694267273,331,116,115,330,0.5567171239491665,
16,0.0130795598238201,Adam,0.7656179487181873,0.0001710285477911,1,0.3856502242152466,0.3874413967132568,0.6147739040386607,0.2331838565022422,0.3697914481163025,274,171,172,275,0.8599096473419305,
16,0.0618990759489076,Adam,0.7045756618178094,4.7688551064934686e-05,2,0.3654708520179372,0.5451927185058594,0.6367713004484304,0.320627802690583,0.9444608688354492,284,162,162,284,0.6672099038506999,
32,0.0001838344284378,SGD,0.8890059061280171,0.0022899020420427,1,0.3699551569506726,0.6933757662773132,0.6291767137444023,0.3004484304932735,1.0558003187179563,281,167,165,279,0.8070696393648783,
32,0.0655419936775437,SGD,0.5667027356726092,0.000168748313929,2,0.3116591928251121,0.919661283493042,0.6878662530162013,0.3811659192825112,1.1360329389572144,307,140,139,306,0.5792434969634721,
16,0.0064198622578908,SGD,0.8568094283179445,1.60497138728049e-05,2,0.3183856502242152,0.4628066718578338,0.6833850396415029,0.3789237668161435,0.7401774525642395,305,142,141,304,0.542688451481588,
16,0.0001828647625415,Adam,0.673007143988109,1.9093673473049127e-05,1,0.3183856502242152,0.7548489570617676,0.6811444329541537,0.3946188340807175,0.9331265091896056,304,143,142,303,0.6466066765062737,
16,0.0001258877731558,Adam,0.8824631200777162,0.0003706953784014,2,0.2690582959641255,0.7663569450378418,0.7299345504650362,0.4820627802690583,1.1089277267456057,326,122,120,324,0.4808817458423701,
16,0.072786297470092,Adam,0.633583457793654,0.0119836824415772,1,0.3565022421524663,0.3613817095756531,0.6430541192692175,0.289237668161435,0.3580005764961242,287,160,159,286,0.842320571343104,
32,0.0012561497792078,SGD,0.7360867836804117,0.000930561341218,2,0.3273542600896861,0.6873061060905457,0.6734939759036145,0.42152466367713,1.049588322639465,301,148,145,298,0.5694910165938464,
16,0.0052431236068926,Adam,0.8932220209957431,8.72045312411764e-05,1,0.3901345291479821,0.3450909554958343,0.6121076233183856,0.2869955156950672,0.4880944192409515,273,173,173,273,0.8378465031132554,
16,0.0020238940529885,Adam,0.5254997079781359,0.0005926697991542,1,0.3677130044843049,0.4385886788368225,0.6345291479820628,0.2937219730941703,0.5120325684547424,283,163,163,283,0.738196153532375,
32,0.0085724119657069,Adam,0.5382734015890568,0.0010218173208118,1,0.336322869955157,0.549430251121521,0.6632195794553603,0.3430493273542601,0.7116239666938782,296,151,150,295,0.8022449332656283,
32,0.0604198434053236,SGD,0.8837460444529138,0.0053025962908734,2,0.0,inf,0.7647058823529411,0.0,inf,446,446,0,0,1.0,
16,0.0004441397173161,Adam,0.7712379538053269,1.9357204192397966e-05,1,0.3408071748878923,0.583416223526001,0.6605235962797107,0.4080717488789237,0.8310420513153076,295,153,151,293,0.6450782621448691,
16,0.000322102870561,Adam,0.8120723900726541,0.0001184509335619,1,0.257847533632287,0.8074235320091248,0.7416408135125818,0.4932735426008969,0.7696751356124878,331,116,115,330,0.6243853131026933,
32,0.0648253479251912,SGD,0.8031765466370504,0.002488774150467,1,0.289237668161435,0.7607995271682739,0.7125129265770423,0.4439461883408072,0.9282593727111816,318,129,128,317,0.6222414135029821,
32,0.0003374267297832,Adam,0.8652414723431574,0.0024112025524178,2,0.3161434977578475,0.6635052561759949,0.6856256463288521,0.4125560538116592,1.0735194683074951,306,141,140,305,0.5802628330209039,
32,0.007120772944349,Adam,0.7471963811597493,2.5045852554770577e-05,1,0.4147982062780269,0.4110743999481201,0.5874439461883408,0.2309417040358745,0.5808401107788086,262,184,184,262,0.7856350048924937,
32,0.0012395890726962,Adam,0.73771613953313,6.263842060885991e-05,2,0.336322869955157,0.362348735332489,0.6650017223561833,0.3565022421524664,0.50832599401474,297,151,149,295,0.6587798387715311,
32,0.0004213583032355,Adam,0.6515584666254199,0.0005926612725053,1,0.3026905829596412,0.6218432188034058,0.6990692864529473,0.4439461883408071,0.8274003863334656,312,135,134,311,0.6185297315770929,
32,0.0005936461700218,SGD,0.7123454632590782,2.390231127605937e-05,2,0.336322869955157,0.712755560874939,0.6654601861427094,0.3789237668161435,1.0189030170440674,297,150,149,296,0.5754342246236224,
16,0.0361297451175567,SGD,0.7633793874328644,0.0002682713126928,1,0.3609865470852018,1.0911871194839478,0.6385729058945191,0.3071748878923767,1.4478002786636353,285,162,161,284,0.6436552572430987,
16,0.0021137306803482,Adam,0.839014970517007,0.0160745305842933,1,0.4910313901345291,0.0012845970923081,0.5086177180282662,0.1188340807174887,1.2092974185943604,227,220,219,226,0.7598475615183512,
16,0.0217192820141531,Adam,0.7542721581460168,0.0354890288146711,2,0.3923766816143498,0.4279652833938598,0.6094450189589796,0.2286995515695067,0.6946872472763062,272,175,174,271,0.8200013429829569,
32,0.0008501504451235,SGD,0.6016630390779065,0.0004697366139036,2,0.3228699551569506,0.7029381394386292,0.6761970375473648,0.3789237668161435,0.9092223048210144,302,146,144,300,0.6171491769227114,
32,0.0006139623035147,SGD,0.829715454603509,2.188515649222712e-05,2,0.3094170403587444,0.7442024350166321,0.6896314157767827,0.4013452914798206,0.8411407470703125,308,140,138,306,0.5068769766525789,
16,0.0001559394523692,Adam,0.7237455262307348,5.484150290067127e-05,2,0.2780269058295964,0.7953671216964722,0.7232173613503272,0.4775784753363229,1.135125994682312,323,125,123,321,0.4379074959592385,
32,0.0763468832883738,SGD,0.5782475411761947,0.0398264012195837,1,0.3452914798206278,0.6138003468513489,0.6564977593933127,0.3228699551569506,0.6795237064361572,293,154,153,292,0.6138145982316046,
32,0.0005662244431048,Adam,0.5654382619759001,7.985034437961275e-05,2,0.2757847533632287,0.6805682182312012,0.7254564243885635,0.4775784753363229,0.816496729850769,324,124,122,322,0.5700503872199492,
16,0.0019187134548904,SGD,0.8884894242960002,0.0003965467109867,2,0.2556053811659193,0.7584375143051147,0.743368928694454,0.4910313901345291,0.7783576846122742,332,116,114,330,0.4667315862395547,
16,0.0028324032241005,SGD,0.6315428684090396,0.0005365885151921,2,0.3385650224215246,0.3279978632926941,0.662762659317947,0.3318385650224215,0.3386803269386291,296,152,150,294,0.5398346772699645,
32,0.0005661372659842,SGD,0.5271475555693836,0.0010861837262468,2,0.3475336322869955,0.7709668278694153,0.6520165460186143,0.3654708520179373,0.984432816505432,291,156,155,290,0.6152407775322596,
32,0.0603662230836459,SGD,0.7967680468467592,0.0270497342797087,1,0.3721973094170404,0.4479621648788452,0.6296104791451224,0.2645739910313902,0.4527219235897064,281,166,165,280,0.7840432145378806,
32,0.0007697761798709,Adam,0.558021381654484,0.0012562515862044,2,0.2982062780269058,0.6545016765594482,0.7050086355785837,0.4596412556053811,0.8807637691497803,314,130,132,316,0.568621935266437,
16,0.0002238906870591,SGD,0.7994059563996836,0.0003167402441829,2,0.3946188340807174,0.3582399785518646,0.6072044122716305,0.2937219730941704,0.7114418148994446,271,176,175,270,0.673194818424456,
16,0.0001377823055216,Adam,0.7331461663564074,0.0003421844126988,1,0.2914798206278027,0.7000371813774109,0.7122364327687521,0.468609865470852,0.7982379198074341,317,126,129,320,0.605872685710589,
32,0.0069043764956395,Adam,0.805484228252941,2.8000198955291183e-05,1,0.452914798206278,0.0002142205194104,0.5485704443678953,0.1188340807174887,1.0484601259231567,245,203,201,243,0.549344623630697,0.5724779800082986
32,0.0315445471706016,SGD,0.8676308352181752,1.3189811483192408e-05,2,0.3183856502242152,0.7206356525421143,0.6833850396415029,0.4125560538116591,0.9955981373786926,305,142,141,304,0.4416093857902469,0.74197694618435
32,6.055326016459974e-05,Adam,0.5753157416661837,4.337373336733072e-05,23,0.2466367713004484,0.8476545810699463,0.7533632286995515,0.531390134529148,0.9276339411735536,336,110,110,336,0.0394680921806756,0.456922688371269
32,6.169845133770337e-05,Adam,0.867753227599052,0.0009869823720257,28,0.2466367713004484,0.8706820607185364,0.7533632286995515,0.5269058295964125,0.8260100483894348,336,110,110,336,0.178499682044441,0.6373903140616646
32,0.0119525304948227,SGD,0.7547144600025053,0.0001410967261116,35,0.1581081081081081,1.8993511199951167,0.8415419783873649,0.7162162162162162,2.1730356216430664,623,118,117,622,0.0040077575378947,0.912884621071077
16,0.0018044087122709,Adam,0.6869989310636719,0.0003565762213709,43,0.3486486486486486,0.2102923244237899,0.6521603656003324,0.327027027027027,0.3761443495750427,483,259,257,481,0.2391113506423102,0.3554620452499574
16,0.0004353456803803,SGD,0.5560281861396511,2.3424901121363327e-05,11,0.2608108108108108,0.8471112251281738,0.7402327514546966,0.508108108108108,0.9889479875564576,548,193,192,547,0.1934730165327588,0.8579999081625016
32,5.597105498331092e-05,SGD,0.6058551340182907,0.0040900142410286,20,0.3527027027027027,0.6896068453788757,0.6483790523690773,0.3378378378378378,1.0824124813079834,480,261,260,479,0.2009611320854337,0.3927047866713864
16,0.0001312311979839,Adam,0.5913901289067388,0.0022536072208568,18,0.2054054054054054,0.8426780104637146,0.7959459459459459,0.6013513513513513,0.9164873361587524,589,151,151,589,0.0605776858757491,0.4962888841883518
32,0.0035694722783567,Adam,0.6297935851646909,5.814806813779625e-05,34,0.254054054054054,1.5851036310195925,0.7450166112956811,0.5405405405405405,1.9576983451843264,552,191,188,549,0.3066487402689677,0.9747559115977852
16,0.0001519007454993,SGD,0.8256660301685916,0.0002042037701861,30,0.2378378378378378,0.9379766583442688,0.7631961762261014,0.5540540540540541,1.055662989616394,565,176,175,564,0.0425432287242815,0.6638154821934863
16,7.074173140484778e-05,SGD,0.5207223463293565,0.0014536484885442,43,0.2972972972972973,0.8086749315261841,0.703761429758936,0.4378378378378378,0.901688277721405,521,220,219,520,0.2217066295582939,0.6387692145091353
32,0.0005704866357503,Adam,0.8005233920102497,5.740858007396442e-05,11,0.2216216216216216,0.6350358724594116,0.7794056525353283,0.5743243243243243,0.708872377872467,577,164,163,576,0.0660919604771253,0.3186377701770743
32,0.0005087330333798,SGD,0.6979298248390017,0.0008357855589659,26,0.2716216216216216,0.6842312216758728,0.7274709302325582,0.4864864864864865,0.8460737466812134,539,204,201,536,0.0635139811180394,0.6485642749960359
32,0.0008351907718631,Adam,0.6441183620457399,0.0009286085150852,49,0.2932432432432432,1.278964877128601,0.7081081081081081,0.477027027027027,1.8821344375610352,524,216,216,524,0.1784672667444856,0.8427667549653584
32,0.0002963737066289,SGD,0.631401862664845,0.0136813995917858,13,0.2486486486486486,0.9006998538970947,0.7510390689941812,0.5108108108108109,0.9928432703018188,556,185,184,555,0.1846457898478817,0.8633124544211694
32,0.0008018838375431,Adam,0.8532468662456292,2.016223975175037e-05,50,0.2189189189189189,1.3671547174453735,0.780107973421927,0.5662162162162162,1.6543340682983398,578,165,162,575,0.0432270946826233,0.5914178817620372
16,0.0003544110214378,Adam,0.5889489059465338,0.0010567578027451,22,0.3013513513513513,0.5896708369255066,0.6983582709891937,0.4554054054054054,0.8391636610031128,517,224,223,516,0.1452163786247924,0.3668118782983754
16,0.0003304199332553,SGD,0.8001425595304692,1.249817457314214e-05,17,0.2472972972972973,0.8336437940597534,0.7537406483790524,0.5324324324324324,1.0004949569702148,558,183,182,557,0.0450744684871838,0.4951557837040625
32,0.064878226470671,SGD,0.603520711241274,0.0182833791297259,39,0.3972972972972973,0.7620210647583008,0.6035521395928541,0.2635135135135135,1.2300502061843872,447,295,293,445,0.6017908583636637,0.9342701301055796
16,0.0005026921086703,SGD,0.6879030577467377,0.0687528040393884,36,0.2121621621621621,0.8454136252403259,0.7875103906899418,0.6027027027027028,0.9993452429771424,583,158,157,582,0.0196821052555201,0.8146474890004545
32,0.0001967705470376,Adam,0.7520768159181206,0.0478171152340176,30,0.4054054054054054,0.3135175704956054,0.5943474646716542,0.2175675675675675,0.6479553580284119,440,301,300,439,0.4108820688669328,0.611790410708893
16,5.890835604519261e-05,Adam,0.8960467490239308,0.0002088487891455,30,0.1837837837837838,0.9741426706314088,0.8168882426256752,0.6445945945945947,0.9155766367912292,605,137,135,603,0.0122783500399371,0.6277598231415885
32,0.0270009055989255,SGD,0.5776270081972567,0.0337918219422052,41,0.3013513513513513,0.5465986132621765,0.7,0.4283783783783784,0.6754032373428345,518,222,222,518,0.2972983509578086,0.5820710244897107
16,0.0083132679551195,SGD,0.8793717051744503,0.0014087804361899,42,0.2337837837837837,0.8093230724334717,0.7672485453034081,0.5635135135135135,1.0505317449569702,568,173,172,567,0.0173417793940407,0.446209250999531
32,0.0014219881977427,Adam,0.7436257609489716,0.0007962540183467,11,0.3689189189189189,0.4486731588840484,0.6319069380972164,0.3459459459459459,0.8520295023918152,468,274,272,466,0.3900478909964914,0.6153554182511664
16,0.0313328103845007,SGD,0.8418273900704041,2.479826210436668e-05,43,0.1810810810810811,2.2868545055389404,0.8202702702702702,0.6554054054054054,2.525068759918213,607,133,133,607,0.0061042108486785,0.7124585597686612
16,0.0002706868720031,SGD,0.5886305165962817,0.014213096035084,49,0.2081081081081081,1.0918254852294922,0.790905315614618,0.5945945945945946,1.3464996814727783,586,157,154,583,0.0386568095224599,0.9397008840514118
32,0.0031613996287227,SGD,0.5712880688015446,0.0244556151443941,32,0.1932432432432432,1.0285104513168335,0.8084442595673876,0.6270270270270271,1.0712165832519531,598,141,142,599,0.0102633521202261,0.9614686750321793
16,0.0027126359342697,SGD,0.7942811701826072,3.176369985569824e-05,16,0.1945945945945946,1.3429102897644043,0.8050706566916043,0.6229729729729729,1.738308072090149,596,145,144,595,0.0122146795986703,0.8462481554754404
16,7.344121669274718e-05,SGD,0.7259494078668173,0.0003754474404859,41,0.25,0.9313564300537108,0.7516638935108153,0.5391891891891891,1.2287821769714355,556,183,184,557,0.1812847487766433,0.979525394170615
16,0.0037116999268704,Adam,0.8851293505856541,8.202159648666646e-05,26,0.354054054054054,0.1417878121137619,0.6472972972972973,0.3189189189189189,0.1916994899511337,479,261,261,479,0.1263116265267685,0.202606350850303
32,0.0751357234861637,SGD,0.758022726790917,0.0001107793453045,24,0.2121621621621621,1.3043663501739502,0.7875103906899418,0.5986486486486486,1.668629765510559,583,158,157,582,0.0140552009904274,0.3901496164345538
32,0.0198428635949377,SGD,0.6604483685122695,1.2663777365612869e-05,48,0.2351351351351351,0.8395217061042786,0.764546965918537,0.55,1.0821270942687988,566,175,174,565,0.0033720502526395,0.3763608906074248
32,0.0247607948787282,Adam,0.8768675911645135,0.0019932608930695,30,0.4027027027027027,0.1858980357646942,0.5986486486486486,0.2162162162162161,0.1299198120832443,443,297,297,443,0.4901886132580262,0.6215870797664708
16,0.0085207352742016,SGD,0.5427498931393722,5.558744653039912e-05,49,0.1689189189189189,1.0679535865783691,0.8320864505403158,0.681081081081081,1.275233268737793,616,125,124,615,0.0009008972319187,0.4547779517472401
16,0.0054917771575028,Adam,0.5543428503705019,0.0021831739864004,44,0.3932432432432432,0.4415698945522308,0.6076028250934774,0.2445945945945946,1.0700349807739258,450,292,290,448,0.6104866986473402,0.8780191947629918
16,0.007438314256465,SGD,0.6951417340492534,0.0001687921453375,24,0.2297297297297297,0.543704092502594,0.7699501246882793,0.5432432432432432,0.5560992956161499,570,171,170,569,0.0033073820954154,0.2109365887536549
16,0.0002505765519001,Adam,0.7130170639126079,0.0223704438653346,25,0.336,0.322282612323761,0.665060488004921,0.368,0.5028061866760254,499,252,251,498,0.3257680650461804,0.5183873218188404
32,0.0086527958313514,Adam,0.8285736048795539,0.0377937486564484,42,0.3653333333333333,0.3822377324104309,0.6341463414634146,0.2773333333333333,0.3290956020355224,476,276,274,474,0.7032077615911311,0.9128680410918776
32,0.0769767559506479,SGD,0.6729418757682402,0.0017233609998529,28,0.1466666666666666,0.8694645166397095,0.8529833914291572,0.716,0.9765883684158324,640,111,110,639,0.0310587977905842,0.3886710088093976
16,0.0001817835245114,SGD,0.5924349887541358,0.0005166793813676,30,0.1773333333333333,0.6169002056121826,0.8233244517319123,0.6586666666666667,0.8310980200767517,618,134,132,616,0.0274080374024131,0.2112372893091847
16,0.0020210488547681,SGD,0.8010305517833832,1.1656092697130172e-05,14,0.1266666666666666,0.3561872541904449,0.8726173396187743,0.756,0.3757249116897583,655,97,95,653,0.0172938459510491,0.2118199719983809
16,0.009038838062404,Adam,0.5521038141951141,0.0010748948191085,26,0.3786666666666666,0.0974399596452713,0.6224113184334632,0.2653333333333333,0.122258260846138,467,284,283,466,0.140960874476216,0.2001034795306653
16,0.0002456842074227,Adam,0.7871300140153794,0.0006758321569204,20,0.1573333333333333,0.7931501865386963,0.844,0.6933333333333334,0.7439638376235962,633,117,117,633,0.0543463762680237,0.4226048465255501
32,0.0126980583836763,Adam,0.5967260259014041,0.0018375436172421,10,0.3853333333333333,0.2300774753093719,0.6141627382660382,0.2493333333333333,0.3384123146533966,461,291,289,459,0.3275618566708131,0.4326720003101918
16,0.000690034037101,SGD,0.7019405453956475,1.0430595933506205e-05,12,0.124,0.5331693887710571,0.8773333333333333,0.7786666666666666,0.6398258805274963,658,92,92,658,0.1327666690573096,0.8634822300641114
16,0.0042454917577882,Adam,0.8518240227063107,0.018416135608804,12,0.36,0.3132361769676208,0.6405449702929727,0.2986666666666666,0.4392624497413635,481,272,269,478,0.4944177844307639,0.684327568335027
16,5.920741443894487e-05,Adam,0.5881854531698696,0.0002830453002406,11,0.0933333333333333,0.7635331153869629,0.9083726657090088,0.8466666666666667,0.8908612728118896,681,68,69,682,0.0326951167800209,0.7021613934851634
16,0.0742136964975735,Adam,0.8188437347803605,0.0010952855461873,37,0.3893333333333333,0.1143383979797363,0.6117490260405988,0.2533333333333334,0.1675733625888824,459,292,291,458,0.3703579558567567,0.4365369523025967
16,0.0280893543670668,Adam,0.7406691574775558,1.4194734842759023e-05,41,0.3106666666666666,0.2531794905662536,0.6890506458888661,0.4066666666666666,0.361744612455368,517,234,233,516,0.2050057506696744,0.3795932527945925
16,0.0017934007412158,SGD,0.8357245019994839,0.0425863144889395,32,0.0546666666666666,0.3428317010402679,0.9449456633176132,0.9066666666666668,0.3888642191886902,709,42,41,708,0.0102007508912885,0.325398191983368
16,0.0563628455002342,Adam,0.6084624582830337,0.0055871959942338,50,0.464,0.2758082747459411,0.5357801927414394,0.0959999999999999,0.1807269901037216,402,349,348,401,0.3083306579427285,0.3658997664322003
32,0.0584954581001906,Adam,0.5057338485863947,4.465109458971336e-05,36,0.38,0.1866069883108139,0.6189842310055294,0.28,0.3071316480636596,465,289,285,461,0.2012104954909194,0.2869318964448886
32,0.0482335544650299,Adam,0.7747137224407832,0.0004626268297006,42,0.4426666666666666,0.7828025817871094,0.5582086493133839,0.1213333333333333,0.9584600329399108,419,333,331,417,0.5516020013527436,0.743512542780034
16,0.0865196655564443,SGD,0.7317311990018176,0.0315045177733089,21,0.3906666666666666,0.4664404690265655,0.6104162394914907,0.2373333333333333,0.5353062152862549,458,293,292,457,0.4946615040302277,0.6795767713950239
16,0.0002127603040294,Adam,0.7772052807565891,0.0067808380316034,41,0.1333333333333333,1.0040637254714966,0.8672883787661406,0.7426666666666667,1.0554863214492798,651,101,99,649,0.093567125998776,0.7652018130719014
16,0.0590639121009986,SGD,0.5709001111431162,1.3158870343734567e-05,27,0.084,1.4397157430648804,0.916957145786344,0.8400000000000001,1.5191867351531982,688,63,62,687,0.0038403914733366,0.6049076889780327
32,0.0039591673017798,Adam,0.6918502332666461,0.0008023481276079,20,0.368,0.2767279744148254,0.632,0.344,0.6429978609085083,474,276,276,474,0.3477538749575615,0.5224179265923858
16,0.0310819894293511,Adam,0.5052726158441598,0.0012687744320094,25,0.4,0.2329703867435455,0.6008403361344538,0.2333333333333333,0.4851893782615661,451,301,299,449,0.4380565968426791,0.587281589304162
32,0.0099879989172054,SGD,0.7247366267580753,5.608344220134551e-05,13,0.0973333333333333,0.969168782234192,0.9032588645214183,0.8200000000000001,1.0735620260238647,678,74,72,676,0.0136741275560449,0.5114255905649308
32,0.0007833659279638,SGD,0.8193454478042906,0.0508464994397619,50,0.0466666666666666,0.5838869214057922,0.9542751691613696,0.9213333333333332,0.7321352362632751,716,35,34,715,0.0243588464503938,0.931752117190684
32,0.0003012730250566,SGD,0.7727024143465469,1.1243236953359404e-05,26,0.1013333333333333,0.6760456562042236,0.901109057301294,0.8186666666666667,0.7192108035087585,675,72,75,678,0.0126448745754632,0.3848282113635548
32,8.655357004109698e-05,SGD,0.5305289480784577,0.0056692651391353,31,0.1533333333333333,0.7804544568061829,0.847304775568764,0.7226666666666667,0.8789265155792236,636,116,114,634,0.1783447213470936,0.9727761378535732
32,0.0012605820823386,Adam,0.5704840647936518,3.2166155292648644e-05,21,0.1506666666666666,0.7956841588020325,0.8503178183309411,0.712,0.886914849281311,638,113,112,637,0.0421343371864746,0.4242674963025068
32,0.005227319786235,Adam,0.6704711578836562,0.0177069702229748,48,0.36,0.2034884244203567,0.639737543571868,0.2853333333333332,0.2221552580595016,480,271,270,479,0.3335469631986184,0.4640547285599433
32,0.0870800536102237,Adam,0.7884816657271911,0.0001790413705295,16,0.3893333333333333,0.3522020876407623,0.6106666666666667,0.2333333333333334,0.3423596322536468,458,292,292,458,0.7005170036445965,0.926442044483338
16,0.0392962170500957,Adam,0.5647011533891175,0.0719689220028099,21,0.4253333333333333,0.2190890163183212,0.5741955318712851,0.1679999999999999,0.282037615776062,431,321,319,429,0.662006095864556,0.7187394758276626
16,0.0053062379922018,Adam,0.7982119422334142,5.665871818502539e-05,28,0.2266666666666666,0.8881352543830872,0.7730161984826738,0.5533333333333333,0.9907041788101196,580,171,170,579,0.1623309892009605,0.5509288989162454
16,0.0002439002512591,SGD,0.8934013441291895,0.0858741368660715,16,0.0613333333333333,0.7046535015106201,0.94,0.9013333333333332,0.8349738121032715,705,45,45,705,0.0602183256636966,0.9054360430443638
32,0.0001695784787188,SGD,0.8653230397247788,0.0459903278369459,49,0.104,0.444295197725296,0.8973333333333333,0.8106666666666666,0.475028932094574,673,77,77,673,0.005305159390396,0.2391160427626555
16,0.0001829909446098,Adam,0.86110161418584,0.0004864619416878,33,0.088,1.0719223022460938,0.91295878613902,0.8280000000000001,1.101955533027649,685,66,65,684,0.0384040898347104,0.7010149644847452
16,0.0108316962355641,Adam,0.6708749461708409,0.0735894852169684,42,0.0,inf,0.7647058823529411,0.0,inf,750,750,0,0,0.230448141829534,0.2304481432913724
16,0.000815246649019,Adam,0.6618140184516483,0.003025683059119,47,0.2573333333333333,0.2302268892526626,0.7420577987292478,0.4853333333333334,0.2443937808275222,557,195,193,555,0.1130472547543997,0.2925792491777849
16,0.0644180888288709,Adam,0.8927472617282219,0.0004830423102466,32,0.3786666666666666,0.2495672404766082,0.6208239393318303,0.248,0.4593937993049621,466,286,284,464,0.4083992214365439,0.515868883779274
32,0.0314185574516676,SGD,0.7778828627182568,0.00030656488238,34,0.0826666666666666,2.2455976009368896,0.918289932335452,0.8400000000000001,2.425297737121582,689,62,61,688,0.0125720439478755,0.9046469031084724
16,0.0845115284941137,SGD,0.5384661830092141,0.0001224588096626,50,0.0813333333333333,2.33520245552063,0.9188690842040566,0.8453333333333334,2.60021448135376,690,63,60,687,0.0041129580783573,0.9014214367868852
32,0.0043590076298947,SGD,0.7464586176597877,1.1189242550444592e-05,30,0.0586666666666666,1.3314872980117798,0.9426666666666668,0.8919999999999999,1.3863478899002075,707,43,43,707,0.0072688766331835,0.8645034149089492
16,0.00010902066519439404,SGD,0.5309972439160917,3.302521221205131e-05,47,0.176,0.4145551323890686,0.8233244517319123,0.7026666666666667,0.5316705107688904,618,134,132,616,0.11950942535292018,0.653184356576554
